id,first_name,last_name,email,gender,ip_address
1,Nap,Edes,nedes0@engadget.com,Male,236.1.25.163
2,Petunia,Bamlett,pbamlett1@1688.com,Female,152.253.188.233
3,Hamil,Cadwell,hcadwell2@nba.com,Male,143.205.137.82
4,Stephine,Maddaford,smaddaford3@comcast.net,Female,142.206.167.207
5,Nickola,Napoleone,nnapoleone4@shutterfly.com,Male,114.32.55.229
6,Ferdy,Sailor,fsailor5@miibeian.gov.cn,Male,174.133.128.165
7,Leonanie,Guage,lguage6@mediafire.com,Female,166.197.44.7
8,Thayne,Hall-Gough,thallgough7@uiuc.edu,Male,18.150.34.54
9,Ferguson,Goodread,fgoodread8@discuz.net,Male,225.173.197.132
10,Antony,Sutehall,asutehall9@auda.org.au,Male,182.14.71.237
11,Richardo,Purseglove,rpurseglovea@networkadvertising.org,Male,80.194.87.106
12,Tibold,Laxton,tlaxtonb@dedecms.com,Male,57.10.129.55
13,Hanan,Proudley,hproudleyc@google.co.jp,Male,176.203.235.72
14,Sterne,Pietraszek,spietraszekd@ebay.com,Male,99.18.236.151
15,Klement,Casaroli,kcasarolie@1und1.de,Male,65.234.227.182
16,Dale,Pelerin,dpelerinf@fema.gov,Female,206.120.45.165
17,Grantham,Offa,goffag@pagesperso-orange.fr,Male,151.204.75.166
18,Reynolds,Frank,rfrankh@chronoengine.com,Male,165.65.227.51
19,Fernandina,Riding,fridingi@tinypic.com,Female,195.104.75.64
20,Nevin,Castello,ncastelloj@weibo.com,Male,62.225.86.158
21,Aurea,Hadeke,ahadekek@4shared.com,Female,8.175.228.184
22,Katrinka,Brockhurst,kbrockhurstl@dion.ne.jp,Female,40.192.46.197
23,Noam,Enoch,nenochm@google.co.jp,Male,34.244.62.251
24,Leopold,Jurasz,ljuraszn@last.fm,Male,217.93.146.90
25,Archaimbaud,Carsberg,acarsbergo@blogspot.com,Male,175.110.6.94
26,Barnie,Stoneman,bstonemanp@plala.or.jp,Male,60.179.227.53
27,Jerri,McElhargy,jmcelhargyq@google.nl,Male,234.183.40.124
28,Vance,Winnett,vwinnettr@cdbaby.com,Male,106.48.232.90
29,Genia,Brunet,gbrunets@wix.com,Female,236.87.100.110
30,Angeli,Uttridge,auttridget@qq.com,Male,181.152.142.251
31,Edsel,Barrat,ebarratu@dot.gov,Male,55.151.44.130
32,Merwyn,Bewshire,mbewshirev@prweb.com,Male,80.29.100.108
33,Alfons,Ker,akerw@webmd.com,Male,95.205.22.153
34,Noelyn,Taffurelli,ntaffurellix@php.net,Female,174.193.142.127
35,Nathaniel,Mournian,nmourniany@sogou.com,Male,50.7.199.30
36,Horatia,Jakubowicz,hjakubowiczz@github.com,Female,73.39.169.199
37,Annadiane,Verrills,averrills10@noaa.gov,Female,44.26.62.249
38,Udell,Limbert,ulimbert11@china.com.cn,Male,196.249.111.150
39,Kimmy,Byles,kbyles12@jigsy.com,Female,93.200.102.224
40,Fedora,Jecock,fjecock13@com.com,Female,80.9.94.119
41,Ashbey,Feechan,afeechan14@hc360.com,Male,111.149.55.221
42,Alan,Kiera,akiera15@bandcamp.com,Male,172.141.232.28
43,Jeremiah,Samett,jsamett16@bigcartel.com,Male,248.176.79.243
44,Nariko,Innocenti,ninnocenti17@blog.com,Female,156.194.139.56
45,Xylina,Mintrim,xmintrim18@pen.io,Female,105.206.126.104
46,Rora,Dunmore,rdunmore19@senate.gov,Female,248.144.139.120
47,Claudine,McClinton,cmcclinton1a@dedecms.com,Female,185.219.171.245
48,Ray,Hazley,rhazley1b@dot.gov,Female,63.96.179.213
49,Neale,Sture,nsture1c@netscape.com,Male,91.142.119.20
50,Auberta,Spiaggia,aspiaggia1d@storify.com,Female,135.0.247.0
51,Bink,Denniston,bdenniston1e@bloglines.com,Male,184.149.6.211
52,Kristopher,Cranna,kcranna1f@fc2.com,Male,195.45.77.145
53,Perkin,Wreight,pwreight1g@drupal.org,Male,211.208.42.183
54,Emmi,Baddeley,ebaddeley1h@cnbc.com,Female,169.36.0.39
55,Ragnar,Biggadike,rbiggadike1i@nydailynews.com,Male,55.121.225.40
56,Gay,Goodship,ggoodship1j@shareasale.com,Female,203.212.51.38
57,Antonie,Strodder,astrodder1k@blog.com,Female,131.26.233.112
58,Ofella,Habens,ohabens1l@sakura.ne.jp,Female,0.189.210.4
59,Mirna,Fowlds,mfowlds1m@gmpg.org,Female,190.150.210.79
60,Britta,Ledner,bledner1n@ucoz.ru,Female,40.55.10.222
61,Malvin,Grube,mgrube1o@google.com.br,Male,164.141.164.163
62,Carlina,Koppe,ckoppe1p@yahoo.co.jp,Female,49.183.238.254
63,Jacintha,Wooffinden,jwooffinden1q@wired.com,Female,148.95.101.68
64,Parnell,Palia,ppalia1r@illinois.edu,Male,245.0.238.42
65,Lynett,Eckford,leckford1s@privacy.gov.au,Female,233.135.26.101
66,Ivor,Gillham,igillham1t@surveymonkey.com,Male,196.180.106.170
67,Ethelbert,Covotti,ecovotti1u@tripadvisor.com,Male,167.198.247.242
68,Rafaela,Monsey,rmonsey1v@bbc.co.uk,Female,116.225.72.233
69,Hermon,Joutapaitis,hjoutapaitis1w@skyrock.com,Male,106.134.17.68
70,Stormie,Agney,sagney1x@cbc.ca,Female,220.0.237.95
71,Myer,Caulder,mcaulder1y@answers.com,Male,255.99.228.241
72,Lona,Staniford,lstaniford1z@about.me,Female,33.4.138.6
73,Wilfrid,Megainey,wmegainey20@baidu.com,Male,45.9.187.80
74,Symon,Domingues,sdomingues21@theguardian.com,Male,110.179.228.53
75,Rick,Ebbings,rebbings22@a8.net,Male,8.165.218.183
76,Aigneis,Martignon,amartignon23@surveymonkey.com,Female,112.250.135.107
77,Kearney,Leteurtre,kleteurtre24@com.com,Male,172.122.251.128
78,Bradford,Wilkie,bwilkie25@shareasale.com,Male,106.62.213.96
79,Lise,Draper,ldraper26@princeton.edu,Female,126.172.74.133
80,Shelli,Forker,sforker27@bing.com,Female,19.4.24.155
81,Raimondo,Flahive,rflahive28@chron.com,Male,61.153.179.91
82,Berkley,Clarycott,bclarycott29@cmu.edu,Male,9.124.199.165
83,Colin,Furber,cfurber2a@google.ru,Male,7.222.198.44
84,Genevieve,Hatchette,ghatchette2b@forbes.com,Female,12.218.216.153
85,Reinald,Rennix,rrennix2c@woothemes.com,Male,76.28.219.140
86,Mae,Blundell,mblundell2d@ed.gov,Female,193.222.83.139
87,Penn,O'Caherny,pocaherny2e@nydailynews.com,Male,131.7.88.3
88,Cate,Rhymes,crhymes2f@ask.com,Female,131.23.160.98
89,Cyril,Gillingham,cgillingham2g@ucsd.edu,Male,167.198.159.164
90,Chrystel,Gilhoolie,cgilhoolie2h@cnbc.com,Female,177.68.239.101
91,Lida,Braunle,lbraunle2i@typepad.com,Female,145.169.226.89
92,Buck,Hawgood,bhawgood2j@blogtalkradio.com,Male,255.81.120.128
93,Torr,Harcombe,tharcombe2k@instagram.com,Male,174.19.218.238
94,Betsey,Dybald,bdybald2l@flickr.com,Female,138.17.95.126
95,Milissent,Swanborrow,mswanborrow2m@blinklist.com,Female,241.25.17.249
96,Aldrich,Inglese,ainglese2n@macromedia.com,Male,247.214.2.70
97,Shaylyn,Geistmann,sgeistmann2o@google.co.jp,Female,240.255.59.85
98,Eartha,Berrigan,eberrigan2p@ameblo.jp,Female,23.61.111.47
99,Darb,Oddy,doddy2q@fastcompany.com,Female,50.207.249.152
100,Bella,Hartington,bhartington2r@yolasite.com,Female,37.193.81.181
101,Brande,Crab,bcrab2s@cafepress.com,Female,66.221.199.161
102,Rudy,Turpin,rturpin2t@imdb.com,Male,157.115.210.116
103,Brittne,Gouldbourn,bgouldbourn2u@tuttocitta.it,Female,188.206.81.248
104,Edlin,Belfrage,ebelfrage2v@ox.ac.uk,Male,233.112.2.109
105,Penny,Oret,poret2w@cornell.edu,Male,125.103.178.98
106,Nobe,Carlet,ncarlet2x@biglobe.ne.jp,Male,132.195.63.95
107,Waldemar,Buntin,wbuntin2y@cyberchimps.com,Male,44.189.161.91
108,Arly,Summerson,asummerson2z@joomla.org,Female,210.145.166.114
109,Leonidas,Girkins,lgirkins30@statcounter.com,Male,245.188.216.185
110,Preston,Catenot,pcatenot31@qq.com,Male,148.149.167.103
111,Vanni,Suttaby,vsuttaby32@who.int,Female,183.137.224.17
112,Martie,Shorbrook,mshorbrook33@zdnet.com,Female,254.27.247.118
113,Cynthea,Tendahl,ctendahl34@gmpg.org,Female,25.179.179.160
114,Ingaborg,Border,iborder35@about.com,Female,144.137.159.70
115,Dacy,Lanfer,dlanfer36@stumbleupon.com,Female,193.150.105.43
116,Ferrel,Ambrois,fambrois37@miibeian.gov.cn,Male,173.152.116.62
117,Davita,Tomney,dtomney38@networkadvertising.org,Female,200.30.193.2
118,Terrill,Cahillane,tcahillane39@squarespace.com,Male,213.88.40.172
119,Truda,Farrell,tfarrell3a@tripod.com,Female,213.49.189.97
120,Ferdinand,Colley,fcolley3b@mail.ru,Male,186.207.16.190
121,Kara-lynn,Rallinshaw,krallinshaw3c@amazon.de,Female,17.108.73.233
122,Norris,Mangan,nmangan3d@paginegialle.it,Male,137.236.5.42
123,Genna,Gilford,ggilford3e@stumbleupon.com,Female,46.235.116.103
124,Paulita,McGarva,pmcgarva3f@boston.com,Female,221.11.150.201
125,Melly,Maffini,mmaffini3g@foxnews.com,Female,121.195.64.167
126,Annaliese,Vlasyev,avlasyev3h@mysql.com,Female,244.203.184.246
127,Fredi,Romayne,fromayne3i@liveinternet.ru,Female,144.43.107.33
128,Annetta,Mickleburgh,amickleburgh3j@ucla.edu,Female,32.38.46.177
129,Sean,Zamudio,szamudio3k@netscape.com,Male,168.52.195.107
130,Bobby,Middleweek,bmiddleweek3l@simplemachines.org,Female,158.7.219.109
131,Joannes,Slad,jslad3m@photobucket.com,Female,231.152.100.155
132,Farrah,Lambal,flambal3n@theglobeandmail.com,Female,88.218.42.205
133,Graig,Labone,glabone3o@cisco.com,Male,126.209.214.218
134,Fitz,Knee,fknee3p@google.es,Male,78.209.57.79
135,De witt,Monnelly,dmonnelly3q@wikimedia.org,Male,108.198.30.242
136,Roxanne,Barnham,rbarnham3r@myspace.com,Female,228.171.97.155
137,Martie,Huckle,mhuckle3s@vistaprint.com,Female,27.181.167.3
138,Sybilla,Wabey,swabey3t@bbb.org,Female,168.6.43.128
139,Farley,Nesey,fnesey3u@hhs.gov,Male,15.104.198.143
140,Bibby,Tant,btant3v@booking.com,Female,215.100.177.105
141,Chrissie,Challiss,cchalliss3w@artisteer.com,Male,174.141.185.21
142,Ulysses,Rouff,urouff3x@angelfire.com,Male,2.76.45.211
143,Fayette,Rummery,frummery3y@yellowpages.com,Female,54.37.82.137
144,Thorn,Rougier,trougier3z@forbes.com,Male,178.61.121.49
145,Cathrin,Shiliton,cshiliton40@nps.gov,Female,131.64.31.22
146,Lacee,McLae,lmclae41@reuters.com,Female,124.183.32.243
147,Gisele,Boraston,gboraston42@geocities.com,Female,233.172.15.130
148,Tann,Bartholomieu,tbartholomieu43@mozilla.org,Male,213.39.250.16
149,Bab,Grigori,bgrigori44@china.com.cn,Female,2.229.143.50
150,Ham,Spaldin,hspaldin45@google.de,Male,144.62.66.9
151,Griffin,Hymer,ghymer46@usa.gov,Male,138.82.6.112
152,Lazar,Humpherson,lhumpherson47@admin.ch,Male,184.250.91.165
153,Missy,Lankford,mlankford48@ycombinator.com,Female,144.58.250.105
154,Florian,Faragher,ffaragher49@printfriendly.com,Male,96.7.226.59
155,Husein,Woofenden,hwoofenden4a@fc2.com,Male,66.152.169.184
156,Juliette,Ashlee,jashlee4b@technorati.com,Female,61.27.85.71
157,Daffi,Jakubczyk,djakubczyk4c@canalblog.com,Female,50.162.164.177
158,Emmet,Sambell,esambell4d@chronoengine.com,Male,168.254.79.187
159,Gerrard,Seddon,gseddon4e@slashdot.org,Male,156.49.183.108
160,Bianca,Pranger,bpranger4f@yandex.ru,Female,163.2.52.51
161,Wylma,Wrightim,wwrightim4g@mac.com,Female,194.49.14.199
162,Rosetta,Grzelczak,rgrzelczak4h@deliciousdays.com,Female,212.147.128.128
163,Jeramie,Marsland,jmarsland4i@ning.com,Male,20.134.111.184
164,Francklin,Pitt,fpitt4j@netvibes.com,Male,50.132.197.52
165,Clary,Jurkiewicz,cjurkiewicz4k@ibm.com,Female,245.90.63.187
166,Belinda,Ewbanke,bewbanke4l@symantec.com,Female,4.206.3.142
167,Chicky,Griggs,cgriggs4m@usatoday.com,Male,156.127.95.74
168,Clifford,Stanlack,cstanlack4n@wikipedia.org,Male,149.162.163.215
169,Henri,Cuthbertson,hcuthbertson4o@elegantthemes.com,Male,30.168.193.42
170,Garrot,Tarver,gtarver4p@arstechnica.com,Male,177.9.175.50
171,Kai,Cane,kcane4q@apache.org,Female,156.87.182.119
172,Haily,Steanyng,hsteanyng4r@elegantthemes.com,Male,11.63.70.222
173,Patrice,Musto,pmusto4s@earthlink.net,Female,185.50.115.203
174,Adelbert,Garken,agarken4t@live.com,Male,9.33.25.134
175,Nathanial,Bidewell,nbidewell4u@tamu.edu,Male,21.132.145.160
176,Natala,Uwins,nuwins4v@amazon.co.uk,Female,132.214.200.31
177,Genevieve,Goodings,ggoodings4w@wordpress.com,Female,171.202.195.138
178,Jae,Vasilyev,jvasilyev4x@amazon.co.jp,Male,33.161.221.103
179,Madelina,Jandourek,mjandourek4y@harvard.edu,Female,70.19.19.210
180,Tildie,Shearsby,tshearsby4z@tamu.edu,Female,145.186.30.220
181,Ingamar,Dupoy,idupoy50@newyorker.com,Male,56.160.121.82
182,Osbert,Freke,ofreke51@umich.edu,Male,159.192.214.37
183,Darn,Studdal,dstuddal52@seesaa.net,Male,39.182.107.223
184,Kaleb,MacCoveney,kmaccoveney53@theguardian.com,Male,87.229.223.50
185,Lauretta,Wiggall,lwiggall54@123-reg.co.uk,Female,222.76.39.95
186,Abbot,Whittles,awhittles55@unicef.org,Male,190.34.88.141
187,Dene,Hearnshaw,dhearnshaw56@reference.com,Male,27.4.86.12
188,Trescha,Clawsley,tclawsley57@cornell.edu,Female,76.210.245.80
189,Benn,Winchcum,bwinchcum58@fema.gov,Male,6.73.208.189
190,Horst,Ricciardelli,hricciardelli59@wikia.com,Male,215.81.192.98
191,Michaeline,Van der Daal,mvanderdaal5a@irs.gov,Female,169.247.251.146
192,Redford,Nasi,rnasi5b@tripod.com,Male,255.56.113.174
193,Kat,Ten Broek,ktenbroek5c@cnn.com,Female,34.10.13.186
194,Agna,Binne,abinne5d@photobucket.com,Female,171.232.64.109
195,Efrem,Elder,eelder5e@ustream.tv,Male,152.117.255.228
196,Silvester,Bryson,sbryson5f@arizona.edu,Male,135.194.225.0
197,Rawley,Stollsteimer,rstollsteimer5g@gravatar.com,Male,206.65.246.127
198,Chere,Triggol,ctriggol5h@yelp.com,Female,167.199.211.248
199,Chiquia,Sposito,csposito5i@berkeley.edu,Female,144.110.122.207
200,Rustin,Sawkins,rsawkins5j@soundcloud.com,Male,201.24.77.109
201,Lisbeth,Kondratenya,lkondratenya5k@godaddy.com,Female,225.26.156.95
202,Nil,Strognell,nstrognell5l@fema.gov,Male,135.149.77.109
203,Orv,Works,oworks5m@irs.gov,Male,69.169.43.0
204,Tristam,Haythorn,thaythorn5n@blogtalkradio.com,Male,228.145.27.185
205,Gray,Kingsnoad,gkingsnoad5o@wordpress.org,Male,120.120.76.127
206,Mordy,Shinn,mshinn5p@amazon.co.uk,Male,67.95.97.154
207,Mag,Bode,mbode5q@creativecommons.org,Female,75.215.35.245
208,Lynna,Bridgwater,lbridgwater5r@engadget.com,Female,28.196.217.115
209,Simona,Bertrand,sbertrand5s@google.co.jp,Female,62.46.95.119
210,Willi,Wrenn,wwrenn5t@engadget.com,Male,204.60.23.215
211,Alfons,Comford,acomford5u@constantcontact.com,Male,232.206.24.136
212,George,Masden,gmasden5v@ft.com,Female,32.48.27.188
213,Dietrich,Knightsbridge,dknightsbridge5w@japanpost.jp,Male,162.3.148.216
214,Gil,Losemann,glosemann5x@netvibes.com,Male,191.227.22.49
215,Maynard,Busain,mbusain5y@answers.com,Male,195.37.4.77
216,Leonid,Mundell,lmundell5z@ezinearticles.com,Male,141.216.104.64
217,Tresa,Braidford,tbraidford60@arizona.edu,Female,225.98.27.173
218,Benny,Copplestone,bcopplestone61@forbes.com,Female,194.248.235.6
219,Tanny,Schild,tschild62@home.pl,Male,65.181.41.79
220,Inger,McQuorkell,imcquorkell63@friendfeed.com,Male,171.140.228.185
221,Sherry,Braybrookes,sbraybrookes64@google.com.hk,Female,98.233.75.171
222,Eddi,Ebbs,eebbs65@eepurl.com,Female,71.202.189.179
223,Oren,Leidl,oleidl66@telegraph.co.uk,Male,190.11.223.191
224,Cello,Helix,chelix67@reddit.com,Male,239.48.86.223
225,Beau,Balm,bbalm68@slideshare.net,Male,185.255.20.67
226,Betti,Cuddehay,bcuddehay69@chronoengine.com,Female,161.16.163.177
227,Kile,Stroton,kstroton6a@instagram.com,Male,251.37.152.250
228,Ettore,McCluney,emccluney6b@spotify.com,Male,254.57.110.29
229,Yoshiko,Disman,ydisman6c@ifeng.com,Female,169.148.126.183
230,Dorine,Rosencrantz,drosencrantz6d@wunderground.com,Female,204.23.101.57
231,Booth,Chipman,bchipman6e@eventbrite.com,Male,243.149.104.131
232,Hewie,Binding,hbinding6f@hc360.com,Male,90.189.53.187
233,Enrico,Livoir,elivoir6g@opensource.org,Male,96.47.90.63
234,Cazzie,Trembey,ctrembey6h@parallels.com,Male,119.65.234.57
235,Rolf,Zecchii,rzecchii6i@jimdo.com,Male,116.56.38.157
236,Vlad,Trembath,vtrembath6j@wunderground.com,Male,194.212.179.38
237,Codie,Coalburn,ccoalburn6k@latimes.com,Female,43.127.218.14
238,Jacinta,Whitesel,jwhitesel6l@auda.org.au,Female,32.131.21.135
239,Allyson,Roderick,aroderick6m@soup.io,Female,254.100.96.106
240,Syd,Muncie,smuncie6n@earthlink.net,Male,32.115.123.32
241,Dugald,Yurmanovev,dyurmanovev6o@squarespace.com,Male,234.60.227.15
242,Bartram,Schankelborg,bschankelborg6p@yahoo.co.jp,Male,108.26.142.249
243,Kenon,Churchlow,kchurchlow6q@dyndns.org,Male,12.147.64.61
244,Eldridge,Tripon,etripon6r@about.com,Male,195.113.240.55
245,Ekaterina,Bolzmann,ebolzmann6s@chicagotribune.com,Female,62.138.177.32
246,Saxe,Batrop,sbatrop6t@prnewswire.com,Male,110.242.154.236
247,Benyamin,Klawi,bklawi6u@google.fr,Male,137.228.39.127
248,Terrell,Weeds,tweeds6v@gov.uk,Male,144.208.84.217
249,Novelia,Benitez,nbenitez6w@yellowpages.com,Female,235.76.35.215
250,Lorine,Gallichan,lgallichan6x@goo.gl,Female,29.7.163.110
251,Keane,Zelley,kzelley6y@webnode.com,Male,156.144.41.136
252,Hillel,Whitty,hwhitty6z@liveinternet.ru,Male,25.54.85.61
253,Jacklyn,Moehler,jmoehler70@si.edu,Female,183.167.4.144
254,Yurik,Maplesden,ymaplesden71@angelfire.com,Male,225.239.150.53
255,Dennie,Veracruysse,dveracruysse72@drupal.org,Male,39.168.76.254
256,Evyn,Sole,esole73@addthis.com,Male,240.191.193.6
257,Augusto,Tapenden,atapenden74@bigcartel.com,Male,145.216.65.149
258,Duky,Rafferty,drafferty75@bloomberg.com,Male,215.89.131.195
259,Merola,Applewhite,mapplewhite76@hubpages.com,Female,176.140.222.150
260,Stephan,Matisse,smatisse77@i2i.jp,Male,177.225.217.170
261,Frederigo,Fleischmann,ffleischmann78@people.com.cn,Male,74.192.11.123
262,Brock,Sketchley,bsketchley79@google.it,Male,135.139.188.31
263,Donnajean,McBrearty,dmcbrearty7a@nba.com,Female,70.37.244.181
264,Aryn,Mikalski,amikalski7b@webeden.co.uk,Female,30.88.77.5
265,Granville,De Ambrosis,gdeambrosis7c@ihg.com,Male,193.72.163.163
266,Robyn,Hunt,rhunt7d@columbia.edu,Female,195.141.91.139
267,Devan,Sitlington,dsitlington7e@slate.com,Female,73.86.243.48
268,Lina,Americi,lamerici7f@europa.eu,Female,186.50.208.252
269,Yardley,Cleeton,ycleeton7g@house.gov,Male,187.248.31.142
270,Tybalt,Beggin,tbeggin7h@zdnet.com,Male,174.48.41.249
271,Benjamen,Buye,bbuye7i@weather.com,Male,190.92.153.97
272,Sarita,Patterfield,spatterfield7j@g.co,Female,193.252.194.251
273,Frazier,Powell,fpowell7k@so-net.ne.jp,Male,244.178.186.103
274,Finley,Traher,ftraher7l@ehow.com,Male,109.229.43.129
275,Max,Pryor,mpryor7m@webeden.co.uk,Male,185.236.79.99
276,Nels,Amerighi,namerighi7n@mlb.com,Male,105.208.72.61
277,Sylas,Haselhurst,shaselhurst7o@hostgator.com,Male,159.132.241.107
278,Chanda,Jacox,cjacox7p@miibeian.gov.cn,Female,119.206.231.203
279,Antonina,Andreas,aandreas7q@wordpress.com,Female,131.186.14.27
280,Walton,Elam,welam7r@mashable.com,Male,6.92.181.207
281,Bruis,Martonfi,bmartonfi7s@flavors.me,Male,154.140.27.134
282,Moss,McFarland,mmcfarland7t@php.net,Male,139.235.233.255
283,Zara,Gooden,zgooden7u@wsj.com,Female,222.55.176.183
284,Lillian,Cootes,lcootes7v@w3.org,Female,84.63.173.71
285,Vinson,Bruckner,vbruckner7w@prlog.org,Male,177.69.212.166
286,Lynett,Barrell,lbarrell7x@github.com,Female,203.202.115.116
287,Mair,Syder,msyder7y@elpais.com,Female,49.92.158.58
288,Maiga,Moxon,mmoxon7z@twitter.com,Female,219.246.120.72
289,Jasper,Perrott,jperrott80@lycos.com,Male,10.47.225.79
290,Birk,Berkely,bberkely81@shareasale.com,Male,24.117.75.18
291,Sergent,Klemencic,sklemencic82@adobe.com,Male,154.216.108.89
292,Lora,Ferson,lferson83@godaddy.com,Female,211.23.253.55
293,Garik,Beasley,gbeasley84@addthis.com,Male,20.162.76.218
294,Walker,Clarson,wclarson85@usnews.com,Male,66.172.86.48
295,Jamesy,Brimfield,jbrimfield86@google.cn,Male,141.215.30.178
296,Shelba,Spurryer,sspurryer87@msu.edu,Female,104.11.190.70
297,Tabitha,Kollatsch,tkollatsch88@virginia.edu,Female,235.39.38.253
298,Jerrylee,Stannus,jstannus89@businesswire.com,Female,147.141.43.54
299,Cele,Mulqueen,cmulqueen8a@businesswire.com,Female,107.27.15.36
300,Garreth,Ickovic,gickovic8b@icq.com,Male,130.133.253.75
301,Bank,Hovy,bhovy8c@vinaora.com,Male,67.158.140.29
302,Bailie,Neighbour,bneighbour8d@baidu.com,Male,28.205.243.108
303,Anna-diana,Englefield,aenglefield8e@rediff.com,Female,74.230.169.235
304,Olag,Wisker,owisker8f@ehow.com,Male,31.41.157.109
305,Mart,Plastow,mplastow8g@cnet.com,Male,103.152.150.95
306,Elisa,Gilhool,egilhool8h@unicef.org,Female,216.252.116.247
307,Annabella,Gander,agander8i@accuweather.com,Female,126.113.128.201
308,Maribeth,Larmor,mlarmor8j@huffingtonpost.com,Female,125.177.13.165
309,Emery,Paddle,epaddle8k@whitehouse.gov,Male,204.101.227.188
310,Trisha,Brisker,tbrisker8l@theatlantic.com,Female,166.135.208.98
311,Camille,Mussen,cmussen8m@paypal.com,Female,224.186.58.178
312,Laraine,Armstead,larmstead8n@tiny.cc,Female,204.24.186.79
313,Abeu,Canniffe,acanniffe8o@whitehouse.gov,Male,169.129.72.187
314,Eldon,Finlow,efinlow8p@technorati.com,Male,175.107.246.80
315,Arnie,Kondratovich,akondratovich8q@deliciousdays.com,Male,72.63.13.199
316,Matelda,Lince,mlince8r@naver.com,Female,30.167.24.5
317,Madlen,Marfell,mmarfell8s@ca.gov,Female,32.134.174.211
318,Wallis,Balassa,wbalassa8t@1688.com,Female,178.149.6.109
319,Taddeusz,Hattigan,thattigan8u@theguardian.com,Male,189.51.69.122
320,Heinrick,Skerme,hskerme8v@bandcamp.com,Male,119.31.144.45
321,Reena,Hurford,rhurford8w@china.com.cn,Female,198.57.202.44
322,Collette,Allot,callot8x@cyberchimps.com,Female,122.186.208.251
323,Franchot,Petche,fpetche8y@studiopress.com,Male,113.74.215.151
324,Tann,Kluss,tkluss8z@simplemachines.org,Male,195.29.211.123
325,Aland,Yankin,ayankin90@instagram.com,Male,132.72.77.17
326,Ina,Carlino,icarlino91@sbwire.com,Female,65.192.241.103
327,Johannah,Lummis,jlummis92@ucla.edu,Female,121.20.90.36
328,Donetta,Buse,dbuse93@elegantthemes.com,Female,146.106.88.187
329,Isidore,Axelby,iaxelby94@washington.edu,Male,203.112.42.102
330,Fay,Huyhton,fhuyhton95@about.me,Female,182.159.177.220
331,Ameline,McGraw,amcgraw96@ft.com,Female,94.243.31.97
332,Eldon,Veltman,eveltman97@earthlink.net,Male,246.37.207.141
333,Kesley,Trunchion,ktrunchion98@google.ca,Female,38.25.146.69
334,Rikki,Iverson,riverson99@ning.com,Female,25.195.149.134
335,Tracy,Hardwidge,thardwidge9a@posterous.com,Female,63.10.116.122
336,Lacie,Pacey,lpacey9b@a8.net,Female,17.75.1.25
337,Ogdon,Ondra,oondra9c@mysql.com,Male,231.183.22.199
338,Yetta,Arnaut,yarnaut9d@imgur.com,Female,137.84.194.94
339,Esme,Ratie,eratie9e@discuz.net,Male,167.111.2.250
340,Aurie,Diaper,adiaper9f@shareasale.com,Female,49.191.3.1
341,Aristotle,Spadelli,aspadelli9g@army.mil,Male,113.141.172.150
342,Dannie,Skitt,dskitt9h@va.gov,Male,94.6.90.175
343,Moe,Latliff,mlatliff9i@unblog.fr,Male,215.80.96.66
344,Randolf,Dancy,rdancy9j@printfriendly.com,Male,175.191.42.139
345,Harbert,Varrow,hvarrow9k@etsy.com,Male,16.146.46.195
346,Elvira,Mapes,emapes9l@ftc.gov,Female,89.15.73.82
347,Germain,Cockshoot,gcockshoot9m@acquirethisname.com,Male,113.142.140.236
348,Dallas,Kleinholz,dkleinholz9n@scribd.com,Female,31.246.92.46
349,Mickie,Martignoni,mmartignoni9o@friendfeed.com,Male,127.91.62.107
350,Delphine,Crackel,dcrackel9p@cdc.gov,Female,219.45.78.144
351,Willi,Sharphouse,wsharphouse9q@harvard.edu,Male,117.190.213.220
352,Nessi,Soame,nsoame9r@usa.gov,Female,86.241.182.89
353,Toinette,McKirton,tmckirton9s@sitemeter.com,Female,158.146.208.170
354,Neely,Airey,nairey9t@lulu.com,Female,34.147.75.88
355,Felicio,Perks,fperks9u@macromedia.com,Male,224.125.160.229
356,Dela,Waadenburg,dwaadenburg9v@hud.gov,Female,132.203.25.135
357,Nathalie,Sherbourne,nsherbourne9w@hatena.ne.jp,Female,99.152.214.59
358,Barth,Milborn,bmilborn9x@google.com.au,Male,205.182.55.79
359,Gnni,Harrismith,gharrismith9y@woothemes.com,Female,159.3.121.222
360,Mercie,Peak,mpeak9z@163.com,Female,201.145.228.161
361,Olga,Scrane,oscranea0@constantcontact.com,Female,119.210.222.236
362,Odele,Everil,oeverila1@parallels.com,Female,145.165.203.6
363,Tisha,Swaddle,tswaddlea2@wsj.com,Female,143.236.23.167
364,Franklyn,Greeno,fgreenoa3@yolasite.com,Male,36.177.94.143
365,Alysa,Di Biaggi,adibiaggia4@tumblr.com,Female,227.33.36.22
366,Roddy,Housego,rhousegoa5@wikipedia.org,Male,234.43.0.59
367,Layne,Lipson,llipsona6@google.fr,Female,90.67.222.141
368,Belicia,Eicke,beickea7@nationalgeographic.com,Female,106.209.87.59
369,Liz,Mintoft,lmintofta8@ezinearticles.com,Female,189.114.8.170
370,Alic,Linford,alinforda9@cam.ac.uk,Male,91.16.34.119
371,Camey,Maggill'Andreis,cmaggillandreisaa@spotify.com,Male,18.160.83.113
372,Galina,Dakhno,gdakhnoab@cpanel.net,Female,227.246.202.49
373,Cecil,McGonigle,cmcgonigleac@sakura.ne.jp,Female,219.88.247.71
374,Berkie,Tilmouth,btilmouthad@amazon.com,Male,87.89.246.197
375,Rutherford,Paule,rpauleae@amazon.co.uk,Male,85.146.52.218
376,Catherine,De Antoni,cdeantoniaf@about.com,Female,151.142.215.107
377,Dynah,Affleck,daffleckag@wikipedia.org,Female,164.132.229.197
378,Fanny,Willeson,fwillesonah@joomla.org,Female,251.138.104.86
379,Robinet,Bushe,rbusheai@wisc.edu,Male,154.59.87.116
380,Martita,Foucard,mfoucardaj@ihg.com,Female,70.253.211.173
381,Umeko,Pieterick,upieterickak@gov.uk,Female,220.169.127.243
382,Marlene,Eddies,meddiesal@mapquest.com,Female,88.115.64.144
383,Arvin,Panting,apantingam@earthlink.net,Male,97.125.225.203
384,Jamima,Wilkison,jwilkisonan@addthis.com,Female,182.231.211.20
385,Augusta,Bristowe,abristoweao@sfgate.com,Female,107.114.41.95
386,Yard,Hallworth,yhallworthap@printfriendly.com,Male,174.18.234.25
387,York,Willishire,ywillishireaq@goo.gl,Male,14.151.169.245
388,Faina,Huthart,fhuthartar@360.cn,Female,249.200.249.110
389,Chaddie,Whiterod,cwhiterodas@goo.ne.jp,Male,175.70.13.125
390,Vittorio,Latey,vlateyat@google.com.hk,Male,8.246.130.41
391,Ingrim,Stobbes,istobbesau@cnet.com,Male,238.201.19.13
392,Zuzana,Cammiemile,zcammiemileav@drupal.org,Female,245.228.73.59
393,Lucila,Valler,lvalleraw@lulu.com,Female,162.154.67.91
394,Eimile,Lamperd,elamperdax@xing.com,Female,107.176.171.51
395,Zechariah,Vasilov,zvasilovay@clickbank.net,Male,140.80.12.202
396,Giselbert,Duberry,gduberryaz@vk.com,Male,9.253.77.158
397,Hunfredo,Letford,hletfordb0@nationalgeographic.com,Male,58.216.18.86
398,Pru,Hurdle,phurdleb1@weibo.com,Female,179.133.110.120
399,Karola,Lindsey,klindseyb2@skyrock.com,Female,106.231.76.180
400,Konrad,Ballay,kballayb3@clickbank.net,Male,103.217.235.45
401,Orazio,Westnedge,owestnedgeb4@auda.org.au,Male,18.148.129.130
402,Marcel,Bugs,mbugsb5@fc2.com,Male,166.219.199.55
403,Land,Winslet,lwinsletb6@amazon.co.jp,Male,83.55.107.82
404,Pyotr,Doig,pdoigb7@eventbrite.com,Male,73.102.29.159
405,Claire,Read,creadb8@yellowpages.com,Male,21.7.99.18
406,Lelia,Teall,lteallb9@nsw.gov.au,Female,227.108.184.248
407,Tamera,Sturte,tsturteba@mediafire.com,Female,164.29.155.72
408,Daphene,Repper,drepperbb@nba.com,Female,225.101.59.173
409,Ford,Dorrington,fdorringtonbc@admin.ch,Male,165.202.252.27
410,Lurleen,Dreinan,ldreinanbd@narod.ru,Female,131.105.116.83
411,Berenice,Ciottoi,bciottoibe@archive.org,Female,15.161.126.2
412,Lemar,Weadick,lweadickbf@chron.com,Male,106.143.99.161
413,Colman,Le febre,clefebrebg@qq.com,Male,151.136.185.122
414,Hagen,Smorthit,hsmorthitbh@yolasite.com,Male,199.84.136.255
415,Gary,Grelka,ggrelkabi@bloglovin.com,Male,200.199.60.31
416,Cass,Stredder,cstredderbj@twitter.com,Male,183.110.69.178
417,Seward,Tredgold,stredgoldbk@tumblr.com,Male,225.254.252.11
418,Ronnica,Trustram,rtrustrambl@slideshare.net,Female,116.117.121.149
419,Minnie,Bumpas,mbumpasbm@twitter.com,Female,206.213.131.91
420,Chane,Quince,cquincebn@godaddy.com,Male,158.121.160.104
421,Carlita,Thrower,cthrowerbo@marriott.com,Female,202.239.193.149
422,Hersh,Cowndley,hcowndleybp@ca.gov,Male,43.237.115.57
423,Aldo,Jehu,ajehubq@fema.gov,Male,244.169.186.15
424,Mella,Flisher,mflisherbr@si.edu,Female,184.153.108.253
425,Lazar,Welbelove,lwelbelovebs@livejournal.com,Male,225.134.183.81
426,Orly,Alloisi,oalloisibt@bluehost.com,Female,122.25.136.68
427,Aubry,Bettanay,abettanaybu@phoca.cz,Female,140.205.129.171
428,Duffie,Leroux,dlerouxbv@soundcloud.com,Male,77.146.15.204
429,Derrik,Stannion,dstannionbw@ning.com,Male,149.42.205.77
430,Valdemar,Stubbings,vstubbingsbx@mtv.com,Male,107.185.116.76
431,Pandora,Wiggington,pwiggingtonby@nsw.gov.au,Female,8.160.166.235
432,Noella,Malcher,nmalcherbz@psu.edu,Female,230.22.57.130
433,Giffie,Penvarne,gpenvarnec0@soundcloud.com,Male,134.254.195.107
434,Teador,Iiannoni,tiiannonic1@vistaprint.com,Male,26.49.152.92
435,Marlo,Print,mprintc2@un.org,Male,181.92.244.209
436,Pollyanna,Rojel,projelc3@cnn.com,Female,151.224.119.183
437,Nobe,Gerardi,ngerardic4@amazon.de,Male,173.61.47.49
438,Laurens,Harrill,lharrillc5@washingtonpost.com,Male,31.97.10.15
439,Lani,Garthland,lgarthlandc6@netlog.com,Female,79.100.137.187
440,Nicholas,Fulger,nfulgerc7@sogou.com,Male,131.124.127.139
441,Brandi,Lamblin,blamblinc8@weather.com,Female,239.150.45.182
442,Georgie,De Hoogh,gdehooghc9@blogspot.com,Male,31.90.216.163
443,Tisha,Marsay,tmarsayca@census.gov,Female,74.216.102.2
444,Kelbee,Tortis,ktortiscb@reference.com,Male,25.159.239.110
445,Barn,Yegoshin,byegoshincc@ucoz.com,Male,59.56.100.220
446,Cordey,Hindes,chindescd@usnews.com,Female,78.42.196.175
447,Zebadiah,Kestle,zkestlece@devhub.com,Male,80.166.196.174
448,Mignon,Seagar,mseagarcf@harvard.edu,Female,220.214.213.223
449,Benn,Rosone,brosonecg@google.com.hk,Male,10.24.26.218
450,Yuri,Muino,ymuinoch@netvibes.com,Male,155.62.202.101
451,Jacqueline,Stack,jstackci@yale.edu,Female,202.187.80.125
452,Sinclare,Todman,stodmancj@examiner.com,Male,176.164.80.7
453,Federico,Sally,fsallyck@dagondesign.com,Male,139.118.121.231
454,Pernell,Handrock,phandrockcl@instagram.com,Male,188.250.224.247
455,Paul,O'Conor,poconorcm@huffingtonpost.com,Male,228.174.49.192
456,Vic,O'Fairy,vofairycn@networkadvertising.org,Male,26.43.77.21
457,Maddy,Birtwistle,mbirtwistleco@google.com.hk,Male,121.82.198.7
458,Jerome,Drinkale,jdrinkalecp@tripadvisor.com,Male,226.118.253.16
459,Hewie,Stainton,hstaintoncq@apache.org,Male,224.122.243.190
460,Roxi,Talmadge,rtalmadgecr@simplemachines.org,Female,158.229.160.13
461,Thomas,Boosey,tbooseycs@aboutads.info,Male,87.117.177.4
462,Portie,Thorington,pthoringtonct@desdev.cn,Male,239.9.40.89
463,Thane,Hazeley,thazeleycu@constantcontact.com,Male,182.8.179.138
464,Carlita,MacLachlan,cmaclachlancv@addthis.com,Female,239.93.51.182
465,Liane,Snow,lsnowcw@narod.ru,Female,23.15.8.175
466,Meade,Gleeton,mgleetoncx@flavors.me,Female,16.20.231.20
467,Gannie,Tankin,gtankincy@bbb.org,Male,78.173.152.75
468,Martino,Sallier,msalliercz@elegantthemes.com,Male,169.48.26.125
469,Jozef,Collman,jcollmand0@amazon.com,Male,190.148.62.82
470,Timmi,Nutley,tnutleyd1@ustream.tv,Female,240.106.165.187
471,Warde,Jellico,wjellicod2@printfriendly.com,Male,25.208.76.113
472,Phillida,Berrisford,pberrisfordd3@tripadvisor.com,Female,164.26.36.31
473,Romeo,Beddoes,rbeddoesd4@eepurl.com,Male,250.27.64.158
474,Hayyim,Gascone,hgasconed5@soup.io,Male,201.142.76.30
475,Thedric,Heindl,theindld6@go.com,Male,52.215.230.121
476,Bryant,Pordall,bpordalld7@blogspot.com,Male,159.222.245.89
477,Babette,Chastey,bchasteyd8@businessweek.com,Female,175.201.56.198
478,Feodora,Falkous,ffalkousd9@wired.com,Female,77.2.9.111
479,Nikolaus,Visick,nvisickda@unc.edu,Male,185.234.91.193
480,Franni,Townend,ftownenddb@hexun.com,Female,164.15.236.149
481,Yorke,Permain,ypermaindc@moonfruit.com,Male,123.11.16.227
482,Lee,Scally,lscallydd@seesaa.net,Male,138.188.136.236
483,Kathleen,Middlewick,kmiddlewickde@google.co.uk,Female,249.166.15.134
484,Denis,Oakley,doakleydf@fema.gov,Male,24.193.109.124
485,Sissie,Chaney,schaneydg@addthis.com,Female,87.222.55.50
486,Tatum,Grundle,tgrundledh@meetup.com,Female,251.225.83.75
487,Corny,Loyndon,cloyndondi@paginegialle.it,Female,54.163.116.165
488,Horatio,McCloud,hmcclouddj@posterous.com,Male,138.77.67.15
489,Shermy,Abelson,sabelsondk@msn.com,Male,253.62.64.166
490,Welbie,Jaffra,wjaffradl@linkedin.com,Male,153.81.131.97
491,Deirdre,Hedworth,dhedworthdm@disqus.com,Female,65.242.153.251
492,Merrilee,Phil,mphildn@ted.com,Female,25.198.99.247
493,Shelia,Fiorentino,sfiorentinodo@bandcamp.com,Female,129.167.39.172
494,Isac,Hatherley,ihatherleydp@theatlantic.com,Male,88.134.151.105
495,Oliver,Eite,oeitedq@nytimes.com,Male,82.216.96.160
496,Maddi,Wiggin,mwiggindr@earthlink.net,Female,60.157.79.78
497,Virge,Burgne,vburgneds@yellowbook.com,Male,56.79.8.41
498,Rurik,Swadlen,rswadlendt@parallels.com,Male,113.148.85.24
499,Jerrie,Jurzyk,jjurzykdu@stumbleupon.com,Female,128.131.103.47
500,Vanessa,Diggar,vdiggardv@xinhuanet.com,Female,246.60.219.232
501,Osbourne,Brasse,obrassedw@tripadvisor.com,Male,19.31.31.10
502,Torre,Reddecliffe,treddecliffedx@tripadvisor.com,Male,182.252.216.201
503,Sanson,Richichi,srichichidy@blog.com,Male,119.234.251.135
504,Tailor,Klejna,tklejnadz@joomla.org,Male,159.209.183.152
505,Jaquenette,Tunniclisse,jtunniclissee0@hp.com,Female,233.254.145.231
506,Jock,Heaysman,jheaysmane1@boston.com,Male,185.176.215.250
507,Dennis,Burnand,dburnande2@goodreads.com,Male,130.254.16.156
508,Bari,Ellsom,bellsome3@gravatar.com,Female,34.123.217.82
509,Daisy,Dermot,ddermote4@nature.com,Female,27.19.85.30
510,Prissie,Allen,pallene5@themeforest.net,Female,20.209.162.76
511,Ward,Josephs,wjosephse6@icio.us,Male,255.86.38.184
512,Edwina,Blaasch,eblaasche7@yellowpages.com,Female,118.34.206.186
513,Janna,Berrow,jberrowe8@who.int,Female,108.163.80.182
514,Aksel,Heynen,aheynene9@engadget.com,Male,168.39.53.68
515,Brinn,Grieveson,bgrievesonea@com.com,Female,218.29.76.67
516,Stormie,Tumulty,stumultyeb@harvard.edu,Female,89.95.24.204
517,Colet,McLaughlan,cmclaughlanec@xinhuanet.com,Male,191.103.180.226
518,Cosmo,Normanton,cnormantoned@jimdo.com,Male,196.25.246.255
519,Amandie,Baynes,abaynesee@xing.com,Female,119.228.219.98
520,Emery,Fellini,efellinief@latimes.com,Male,210.249.181.196
521,Hilary,Bidmead,hbidmeadeg@stanford.edu,Female,143.177.197.22
522,Roland,Blockwell,rblockwelleh@naver.com,Male,193.185.50.148
523,Sofie,Braben,sbrabenei@mapquest.com,Female,108.128.142.208
524,Dolph,Ferraraccio,dferraraccioej@bbc.co.uk,Male,142.105.157.252
525,Peggi,Lyenyng,plyenyngek@altervista.org,Female,52.23.94.219
526,Erin,Falla,efallael@rakuten.co.jp,Male,197.89.207.239
527,Araldo,Chatburn,achatburnem@unesco.org,Male,177.125.113.193
528,Cherie,Ziehm,cziehmen@trellian.com,Female,195.235.204.34
529,Davine,Jarritt,djarritteo@biglobe.ne.jp,Female,224.127.2.162
530,Ira,Wyndham,iwyndhamep@edublogs.org,Male,98.193.112.192
531,Noll,Best,nbesteq@ftc.gov,Male,164.76.170.173
532,Yoshi,Capini,ycapinier@cbsnews.com,Female,60.149.61.90
533,Shep,Cullimore,scullimorees@businessweek.com,Male,26.213.174.29
534,Noelle,Phidgin,nphidginet@house.gov,Female,154.197.195.100
535,Evelyn,Brierton,ebriertoneu@nih.gov,Female,4.203.88.89
536,Nickolai,Muro,nmuroev@bbc.co.uk,Male,152.203.5.89
537,Clim,Winsor,cwinsorew@ucla.edu,Male,12.17.222.83
538,Zacherie,Dri,zdriex@mac.com,Male,243.59.221.13
539,Rhoda,Gwalter,rgwalterey@plala.or.jp,Female,154.159.44.153
540,Peggy,Simao,psimaoez@elpais.com,Female,33.133.66.98
541,Galvin,Jagels,gjagelsf0@behance.net,Male,239.241.51.106
542,Ashlee,Felgat,afelgatf1@unc.edu,Female,69.60.2.74
543,Catharine,Albrighton,calbrightonf2@washington.edu,Female,43.112.79.180
544,Abagail,Mattessen,amattessenf3@slideshare.net,Female,111.153.190.126
545,Andromache,Shout,ashoutf4@360.cn,Female,10.101.203.202
546,Forbes,Wilcocks,fwilcocksf5@linkedin.com,Male,20.26.100.157
547,Job,Dreger,jdregerf6@businessinsider.com,Male,10.84.99.18
548,Dorothy,Schafer,dschaferf7@google.com.br,Female,47.39.49.233
549,Vernen,Mc Carroll,vmccarrollf8@reuters.com,Male,220.232.46.95
550,Thelma,Nyles,tnylesf9@tripadvisor.com,Female,129.159.201.193
551,Ron,Gladwell,rgladwellfa@bloomberg.com,Male,186.70.15.99
552,Justine,Poston,jpostonfb@utexas.edu,Female,46.60.24.177
553,Enrika,Quilliam,equilliamfc@home.pl,Female,132.102.124.7
554,Ashby,Neller,anellerfd@mediafire.com,Male,30.149.161.59
555,Claire,Cattellion,ccattellionfe@e-recht24.de,Female,254.34.162.21
556,Erek,Nicholl,enichollff@statcounter.com,Male,40.26.132.0
557,Aguistin,Eighteen,aeighteenfg@cbslocal.com,Male,201.80.2.179
558,Maryanna,Beebe,mbeebefh@biglobe.ne.jp,Female,133.72.171.149
559,Casar,Dionsetto,cdionsettofi@jugem.jp,Male,213.126.9.61
560,Rhodia,Yankin,ryankinfj@fastcompany.com,Female,141.32.151.137
561,Kalli,Gready,kgreadyfk@google.cn,Female,174.100.115.191
562,Gilbertine,Oiller,goillerfl@live.com,Female,38.164.119.248
563,Malynda,Ransfield,mransfieldfm@ftc.gov,Female,12.122.209.174
564,Donalt,Kilbourn,dkilbournfn@weather.com,Male,161.19.140.220
565,Almira,Alonso,aalonsofo@washingtonpost.com,Female,24.125.20.114
566,Felizio,Shwenn,fshwennfp@biglobe.ne.jp,Male,24.116.111.49
567,Guilbert,Kuhwald,gkuhwaldfq@intel.com,Male,47.223.154.188
568,Delano,McMonnies,dmcmonniesfr@sfgate.com,Male,71.81.42.168
569,Estevan,McIlriach,emcilriachfs@amazonaws.com,Male,249.251.68.46
570,Blayne,MacKibbon,bmackibbonft@ifeng.com,Male,236.136.242.40
571,Abagael,Chattell,achattellfu@homestead.com,Female,205.212.20.86
572,Bunny,Aldam,baldamfv@ocn.ne.jp,Female,114.30.73.38
573,Elsa,Patkin,epatkinfw@wired.com,Female,127.243.80.112
574,Hildagarde,Jeromson,hjeromsonfx@nbcnews.com,Female,214.77.91.165
575,Alistair,Le Batteur,alebatteurfy@berkeley.edu,Male,194.208.226.175
576,Georgeta,Hamblen,ghamblenfz@sun.com,Female,199.136.19.100
577,Estrellita,Erett,eerettg0@cdbaby.com,Female,197.180.198.84
578,Hilary,Campbell,hcampbellg1@bloglines.com,Female,209.0.126.54
579,Temp,Stolze,tstolzeg2@pen.io,Male,170.140.178.246
580,Leona,Durn,ldurng3@chron.com,Female,109.194.40.18
581,Edgar,Roeby,eroebyg4@theatlantic.com,Male,139.55.152.122
582,Guillema,Blacksell,gblacksellg5@sun.com,Female,60.48.230.158
583,Berkeley,Macrae,bmacraeg6@com.com,Male,250.63.154.47
584,Marquita,Fraulo,mfraulog7@canalblog.com,Female,254.246.236.239
585,Madeleine,Gay,mgayg8@walmart.com,Female,130.43.1.67
586,Lotty,McCathie,lmccathieg9@miitbeian.gov.cn,Female,20.73.4.44
587,Niven,Brownsey,nbrownseyga@devhub.com,Male,215.34.211.15
588,Rene,Finessy,rfinessygb@is.gd,Male,46.9.93.132
589,Arnold,Levee,aleveegc@ted.com,Male,202.165.235.81
590,Dulci,Rodolf,drodolfgd@networksolutions.com,Female,74.117.79.38
591,Eba,Ivanishev,eivanishevge@dedecms.com,Female,40.3.254.108
592,Ofilia,Criple,ocriplegf@jiathis.com,Female,67.165.2.32
593,Farlie,Wadge,fwadgegg@addtoany.com,Male,130.242.217.249
594,Rodd,Briar,rbriargh@youtube.com,Male,189.135.112.229
595,Pru,Jenton,pjentongi@meetup.com,Female,247.39.224.162
596,Glori,Bownd,gbowndgj@unesco.org,Female,244.247.159.146
597,Alwyn,Abatelli,aabatelligk@boston.com,Male,105.11.32.131
598,Dean,Dallas,ddallasgl@nsw.gov.au,Male,230.81.150.27
599,Jessie,Magor,jmagorgm@twitter.com,Male,144.45.139.232
600,Berthe,Napier,bnapiergn@cbslocal.com,Female,66.77.76.142
601,Ellsworth,Semiraz,esemirazgo@google.fr,Male,67.44.19.147
602,Hobey,Neggrini,hneggrinigp@ehow.com,Male,251.180.19.74
603,Simone,Gerasch,sgeraschgq@friendfeed.com,Female,40.211.165.12
604,Welby,Buller,wbullergr@networkadvertising.org,Male,135.226.70.192
605,Adella,Noah,anoahgs@creativecommons.org,Female,48.43.247.119
606,Maryl,Larvor,mlarvorgt@marketwatch.com,Female,151.210.50.64
607,Ilyse,Wisam,iwisamgu@yellowpages.com,Female,98.84.29.58
608,Ruggiero,Cradoc,rcradocgv@infoseek.co.jp,Male,116.217.115.83
609,Melony,Godber,mgodbergw@bigcartel.com,Female,87.104.82.100
610,Evangeline,Lawrey,elawreygx@blog.com,Female,201.10.176.149
611,Inglebert,Astlett,iastlettgy@mit.edu,Male,127.35.144.225
612,Moses,McCoveney,mmccoveneygz@google.ru,Male,39.66.189.159
613,Vincent,De Giorgi,vdegiorgih0@amazon.com,Male,57.133.249.6
614,Gaby,Karpman,gkarpmanh1@vimeo.com,Male,43.214.100.12
615,Noach,Roo,nrooh2@nih.gov,Male,186.224.10.127
616,Babette,Hibbart,bhibbarth3@google.com,Female,227.112.46.67
617,Prentiss,McDuffie,pmcduffieh4@ted.com,Male,122.93.64.128
618,Claribel,Brimson,cbrimsonh5@plala.or.jp,Female,5.74.84.77
619,Freeland,Bonin,fboninh6@msn.com,Male,45.27.232.60
620,Erek,Branwhite,ebranwhiteh7@time.com,Male,19.138.147.60
621,Cody,Greenmon,cgreenmonh8@exblog.jp,Female,214.241.226.133
622,Christie,Aysh,cayshh9@adobe.com,Male,25.243.74.181
623,Brocky,Manz,bmanzha@youtube.com,Male,238.72.40.143
624,Raphael,Coppen,rcoppenhb@stumbleupon.com,Male,222.89.242.216
625,Brooks,Newing,bnewinghc@cocolog-nifty.com,Male,97.43.123.241
626,Lia,Leamy,lleamyhd@stanford.edu,Female,190.180.14.235
627,Vernor,Malec,vmaleche@mit.edu,Male,118.152.115.159
628,Ann,Portigall,aportigallhf@alexa.com,Female,211.244.75.162
629,Valene,Okeshott,vokeshotthg@networksolutions.com,Female,151.188.245.71
630,Hebert,Canedo,hcanedohh@tripod.com,Male,4.91.165.99
631,Kurtis,O'Dowd,kodowdhi@odnoklassniki.ru,Male,178.125.51.176
632,Pancho,Darko,pdarkohj@last.fm,Male,110.77.92.36
633,Celia,Riolfo,criolfohk@house.gov,Female,216.45.130.231
634,Virgie,Forson,vforsonhl@storify.com,Male,51.22.180.40
635,Bennett,Tremontana,btremontanahm@seattletimes.com,Male,155.154.223.4
636,Randie,Rehor,rrehorhn@mail.ru,Female,38.37.121.41
637,Ignace,Morten,imortenho@tiny.cc,Male,225.250.65.188
638,Bruno,Ethelstone,bethelstonehp@360.cn,Male,239.76.24.201
639,Charisse,Sturm,csturmhq@berkeley.edu,Female,221.188.229.79
640,Joseph,Aldrin,jaldrinhr@pbs.org,Male,176.46.241.210
641,Les,Gooday,lgoodayhs@icio.us,Male,226.158.79.113
642,Job,Kubecka,jkubeckaht@elpais.com,Male,210.56.152.254
643,Doloritas,Denington,ddeningtonhu@cnn.com,Female,219.159.55.187
644,Sophie,Kennard,skennardhv@hostgator.com,Female,71.120.202.84
645,Barron,MacDermott,bmacdermotthw@google.ru,Male,11.157.120.176
646,Agosto,Abden,aabdenhx@bing.com,Male,83.121.19.117
647,Murvyn,Lissandre,mlissandrehy@ucoz.ru,Male,55.197.236.186
648,Salem,Smewings,ssmewingshz@hostgator.com,Male,175.59.58.113
649,Noel,Reddish,nreddishi0@bbc.co.uk,Male,4.148.86.108
650,Desiree,Tullis,dtullisi1@privacy.gov.au,Female,56.105.224.166
651,Theressa,Brando,tbrandoi2@hubpages.com,Female,152.94.39.50
652,Doralynn,Venour,dvenouri3@friendfeed.com,Female,53.49.170.23
653,Dory,Grice,dgricei4@imdb.com,Female,165.178.165.180
654,Paige,Albert,palberti5@bloglovin.com,Female,38.161.141.34
655,Mickie,Heaselgrave,mheaselgravei6@networksolutions.com,Male,217.127.213.28
656,Ardella,Bartolijn,abartolijni7@liveinternet.ru,Female,150.160.47.36
657,Cchaddie,Tallon,ctalloni8@china.com.cn,Male,38.46.19.193
658,Brantley,Norcliffe,bnorcliffei9@xrea.com,Male,107.201.58.41
659,Ingamar,Hartington,ihartingtonia@gov.uk,Male,170.146.183.174
660,Wilow,Liebmann,wliebmannib@nhs.uk,Female,125.26.250.205
661,Susie,Rizziello,srizzielloic@vinaora.com,Female,137.84.97.244
662,Dawn,Shaddock,dshaddockid@privacy.gov.au,Female,213.237.97.241
663,Lothaire,Kimblen,lkimblenie@quantcast.com,Male,15.138.43.234
664,Yance,Mechan,ymechanif@ted.com,Male,195.209.214.130
665,Norine,Coleborn,ncolebornig@studiopress.com,Female,0.248.188.206
666,Fitzgerald,Mariault,fmariaultih@facebook.com,Male,204.161.196.102
667,Vick,Corballis,vcorballisii@mit.edu,Male,156.236.99.75
668,Kandy,Slyne,kslyneij@discovery.com,Female,126.125.238.26
669,Lorelle,Meni,lmeniik@rediff.com,Female,23.105.86.155
670,Myriam,Guittet,mguittetil@hibu.com,Female,56.155.59.183
671,Sharia,Josephoff,sjosephoffim@va.gov,Female,253.71.182.182
672,Arden,Bernardotte,abernardottein@cnn.com,Female,96.115.73.2
673,Gaspard,Darcy,gdarcyio@shinystat.com,Male,216.150.75.6
674,Vick,Greenan,vgreenanip@mediafire.com,Male,184.197.223.32
675,Julius,Drewell,jdrewelliq@yellowpages.com,Male,200.158.183.36
676,Rufus,Rehorek,rrehorekir@craigslist.org,Male,249.104.33.161
677,Gert,Balaisot,gbalaisotis@hexun.com,Female,73.237.254.239
678,Christian,Beckmann,cbeckmannit@zimbio.com,Male,231.118.65.217
679,Sydney,Ewbanke,sewbankeiu@uol.com.br,Male,87.223.180.69
680,Evanne,Halliburton,ehalliburtoniv@over-blog.com,Female,80.21.30.13
681,Jaquelyn,Wheelan,jwheelaniw@cbc.ca,Female,36.55.25.145
682,Alika,Shurey,ashureyix@etsy.com,Female,37.114.112.99
683,Clarey,Colman,ccolmaniy@ebay.co.uk,Female,233.11.173.162
684,Brod,McConnal,bmcconnaliz@unblog.fr,Male,186.30.152.12
685,Anton,Darte,adartej0@globo.com,Male,139.246.75.242
686,Julietta,Pymer,jpymerj1@si.edu,Female,52.98.73.54
687,Orin,Chander,ochanderj2@apple.com,Male,170.149.87.212
688,Garrot,Clemes,gclemesj3@stanford.edu,Male,248.162.204.31
689,Karlotte,Bulcock,kbulcockj4@google.com.au,Female,93.205.167.77
690,Kimmy,Burdett,kburdettj5@gizmodo.com,Female,200.88.73.217
691,Silas,Wolstenholme,swolstenholmej6@google.com.au,Male,72.20.203.159
692,Agretha,Scanes,ascanesj7@redcross.org,Female,50.126.66.215
693,Chandler,Hanes,chanesj8@feedburner.com,Male,45.146.198.187
694,Rubina,Persitt,rpersittj9@jigsy.com,Female,134.70.217.222
695,Shae,Scourfield,sscourfieldja@opensource.org,Male,230.250.45.42
696,Luce,Matthews,lmatthewsjb@phoca.cz,Female,184.121.191.85
697,Halsey,Ellingsworth,hellingsworthjc@bing.com,Male,214.15.87.91
698,Carce,St. Leger,cstlegerjd@about.me,Male,200.82.83.193
699,Albrecht,Maneylaws,amaneylawsje@phoca.cz,Male,93.14.5.95
700,Uriel,Rickson,uricksonjf@techcrunch.com,Male,49.5.47.104
701,Wilt,Vasilischev,wvasilischevjg@bigcartel.com,Male,211.167.65.250
702,Francois,Copping,fcoppingjh@blinklist.com,Male,78.197.195.90
703,Hope,Weatherby,hweatherbyji@mozilla.org,Female,65.102.246.133
704,Alford,Clayborn,aclaybornjj@blogspot.com,Male,107.235.193.240
705,Lishe,Rayhill,lrayhilljk@clickbank.net,Female,164.143.71.144
706,Cos,Jedrzejewsky,cjedrzejewskyjl@com.com,Male,174.187.123.68
707,Chelsy,Riddiford,criddifordjm@bbc.co.uk,Female,246.203.15.223
708,Merwyn,Sloper,msloperjn@360.cn,Male,58.242.57.12
709,Dana,Sancraft,dsancraftjo@wp.com,Male,194.17.111.199
710,Ram,Readwood,rreadwoodjp@skype.com,Male,97.248.162.192
711,De,Brickham,dbrickhamjq@usnews.com,Female,137.44.191.21
712,Row,Erickssen,rerickssenjr@devhub.com,Female,70.111.64.5
713,Clem,Goacher,cgoacherjs@dropbox.com,Male,253.75.124.119
714,Janaya,Mackerness,jmackernessjt@ucoz.ru,Female,249.138.145.166
715,Danice,Sidon,dsidonju@hexun.com,Female,207.215.125.162
716,Helge,Adrienne,hadriennejv@bing.com,Female,223.26.103.157
717,Roselin,Lawleff,rlawleffjw@slashdot.org,Female,106.26.201.151
718,Elisha,Leebeter,eleebeterjx@homestead.com,Female,238.17.71.232
719,Gerick,Hynes,ghynesjy@chicagotribune.com,Male,128.29.238.92
720,Stanford,Ibarra,sibarrajz@tamu.edu,Male,141.204.73.18
721,Kathy,Gelsthorpe,kgelsthorpek0@freewebs.com,Female,33.109.62.66
722,Gerrard,Kendrick,gkendrickk1@abc.net.au,Male,200.143.29.44
723,Thalia,Infantino,tinfantinok2@statcounter.com,Female,134.144.84.145
724,Lowe,Cattanach,lcattanachk3@home.pl,Male,207.222.241.197
725,Carmita,Hutcheon,chutcheonk4@sourceforge.net,Female,195.151.30.162
726,Roxana,Nanson,rnansonk5@t-online.de,Female,105.58.119.45
727,Berkeley,Bessell,bbessellk6@tripadvisor.com,Male,94.83.10.33
728,Grete,Heggadon,gheggadonk7@dailymail.co.uk,Female,141.239.204.210
729,Laurie,Delmonti,ldelmontik8@ameblo.jp,Male,143.137.183.190
730,Griffie,Allebone,gallebonek9@utexas.edu,Male,27.49.209.187
731,Ekaterina,Matkin,ematkinka@furl.net,Female,88.215.167.8
732,Moses,O'Feeney,mofeeneykb@apache.org,Male,217.74.218.75
733,Chet,McQuorkel,cmcquorkelkc@craigslist.org,Male,144.159.251.201
734,Liliane,Antonetti,lantonettikd@mapy.cz,Female,33.197.162.101
735,Lucy,Balston,lbalstonke@blogspot.com,Female,116.183.166.126
736,Lorelle,Velten,lveltenkf@lulu.com,Female,222.80.34.4
737,Lanae,Athow,lathowkg@about.me,Female,165.70.222.148
738,Cello,Spinola,cspinolakh@addtoany.com,Male,160.126.125.247
739,Kitti,Bartoletti,kbartolettiki@scientificamerican.com,Female,133.114.70.246
740,Kathleen,Hulles,khulleskj@upenn.edu,Female,120.149.132.87
741,Franciska,Watling,fwatlingkk@tinypic.com,Female,174.247.33.168
742,Maury,Johnsson,mjohnssonkl@hp.com,Male,150.131.6.145
743,Lilith,Benardeau,lbenardeaukm@addtoany.com,Female,188.218.144.153
744,Dewain,Witt,dwittkn@multiply.com,Male,14.52.244.196
745,Lyman,Heberden,lheberdenko@studiopress.com,Male,214.113.222.6
746,Ardys,Elves,aelveskp@prweb.com,Female,85.163.32.31
747,Ruperto,Foxen,rfoxenkq@yellowpages.com,Male,154.69.34.181
748,Mindy,Gerleit,mgerleitkr@vimeo.com,Female,48.118.33.68
749,Georgiana,Sizzey,gsizzeyks@live.com,Female,121.207.35.57
750,Ruthanne,Patington,rpatingtonkt@dion.ne.jp,Female,143.58.220.143
751,Cristie,Duguid,cduguidku@state.gov,Female,173.71.34.36
752,Herta,Winkle,hwinklekv@hud.gov,Female,125.158.176.3
753,Nadia,Hewins,nhewinskw@xrea.com,Female,96.251.209.66
754,Jamima,Iacopo,jiacopokx@wikipedia.org,Female,124.59.28.90
755,Hansiain,Painter,hpainterky@ow.ly,Male,162.7.97.69
756,Sandy,Zanni,szannikz@multiply.com,Male,79.190.75.30
757,Zared,Trehearne,ztrehearnel0@nature.com,Male,29.14.59.208
758,Missy,Osborn,mosbornl1@ovh.net,Female,225.137.88.137
759,Jemima,Sealey,jsealeyl2@twitter.com,Female,190.138.82.162
760,Genny,Willgress,gwillgressl3@seesaa.net,Female,4.172.5.5
761,Maxine,Entwistle,mentwistlel4@parallels.com,Female,80.168.156.182
762,Trudi,Checcucci,tcheccuccil5@myspace.com,Female,103.244.241.21
763,Lydia,Preuvost,lpreuvostl6@csmonitor.com,Female,122.7.92.56
764,Lexis,Gabits,lgabitsl7@wikispaces.com,Female,243.135.174.173
765,Val,Ida,vidal8@amazon.co.jp,Female,2.238.99.172
766,Sherm,Iacobacci,siacobaccil9@posterous.com,Male,166.135.197.44
767,Claybourne,Elmer,celmerla@europa.eu,Male,114.224.209.56
768,Dorey,Maskelyne,dmaskelynelb@cnn.com,Male,124.228.211.220
769,Brinna,Stephens,bstephenslc@typepad.com,Female,110.106.54.112
770,Libbie,Abilowitz,labilowitzld@1und1.de,Female,18.20.230.136
771,Alli,Hekkert,ahekkertle@netlog.com,Female,252.28.157.32
772,Abbe,Buessen,abuessenlf@senate.gov,Male,0.132.148.241
773,Dorotea,Ivanonko,divanonkolg@ebay.com,Female,57.247.49.207
774,Christos,Munsey,cmunseylh@behance.net,Male,45.230.178.105
775,Fin,Aisthorpe,faisthorpeli@google.nl,Male,33.158.25.19
776,Krispin,Radclyffe,kradclyffelj@house.gov,Male,83.216.27.35
777,Cassandra,Zanicchelli,czanicchellilk@senate.gov,Female,32.22.51.208
778,Baxie,Oppie,boppiell@google.ca,Male,139.136.252.155
779,Kizzee,Ivanilov,kivanilovlm@xing.com,Female,157.129.45.129
780,Olin,Figiovanni,ofigiovanniln@printfriendly.com,Male,41.137.18.190
781,Weylin,Tirone,wtironelo@mail.ru,Male,155.27.222.151
782,Amata,Giacobillo,agiacobillolp@storify.com,Female,233.247.12.99
783,Starr,Bletcher,sbletcherlq@mail.ru,Female,72.90.60.131
784,Madella,De Beneditti,mdebenedittilr@pbs.org,Female,25.112.169.108
785,Rita,Sterman,rstermanls@cbsnews.com,Female,172.97.133.191
786,Bryon,Sodor,bsodorlt@last.fm,Male,96.154.99.206
787,Janelle,Carragher,jcarragherlu@bloglovin.com,Female,100.169.124.31
788,Justine,Rens,jrenslv@mashable.com,Female,144.25.27.133
789,Olympe,Izkovici,oizkovicilw@toplist.cz,Female,79.34.124.28
790,Charla,Dunnan,cdunnanlx@miibeian.gov.cn,Female,165.92.24.160
791,Harbert,MacAscaidh,hmacascaidhly@shop-pro.jp,Male,29.239.39.213
792,Annabelle,Jeppe,ajeppelz@netscape.com,Female,96.199.174.35
793,Olga,Bernet,obernetm0@hud.gov,Female,7.107.162.138
794,Anastassia,Matitiaho,amatitiahom1@alibaba.com,Female,149.218.253.137
795,Celesta,Fouracre,cfouracrem2@edublogs.org,Female,116.251.100.182
796,Sashenka,Comellini,scomellinim3@oakley.com,Female,78.69.62.160
797,Nanine,Cordeiro,ncordeirom4@google.ca,Female,32.126.129.31
798,Annelise,Sifleet,asifleetm5@xrea.com,Female,30.10.74.54
799,Trefor,Russam,trussamm6@reddit.com,Male,170.156.16.131
800,Kincaid,Penlington,kpenlingtonm7@samsung.com,Male,94.69.19.158
801,Garrott,Shiel,gshielm8@so-net.ne.jp,Male,120.40.9.18
802,Ronny,Quinnell,rquinnellm9@dyndns.org,Male,212.43.157.16
803,Reta,Lambertson,rlambertsonma@paginegialle.it,Female,251.129.142.199
804,Beniamino,Ong,bongmb@meetup.com,Male,12.97.242.183
805,Corty,Jackett,cjackettmc@privacy.gov.au,Male,62.26.112.66
806,Brigida,Easthope,beasthopemd@sun.com,Female,69.193.211.168
807,Galven,Kilfether,gkilfetherme@fda.gov,Male,29.254.106.72
808,Nanni,Mouget,nmougetmf@vinaora.com,Female,115.199.20.204
809,Gifford,Dachey,gdacheymg@archive.org,Male,71.172.61.86
810,Yolanda,Corneliussen,ycorneliussenmh@cnn.com,Female,25.79.170.91
811,Esther,Cluatt,ecluattmi@de.vu,Female,185.185.169.181
812,Jorry,Miguet,jmiguetmj@vk.com,Female,178.186.254.16
813,Maynard,Aird,mairdmk@ezinearticles.com,Male,108.240.137.139
814,Torrence,Kadar,tkadarml@tinyurl.com,Male,18.30.1.18
815,Wendeline,Cram,wcrammm@twitpic.com,Female,230.147.38.22
816,Dru,Whitesel,dwhiteselmn@barnesandnoble.com,Male,167.190.235.154
817,Lion,O'Hartigan,lohartiganmo@freewebs.com,Male,6.196.236.191
818,Glad,Tiley,gtileymp@economist.com,Female,73.226.26.114
819,Prudence,Whitwell,pwhitwellmq@goodreads.com,Female,253.112.139.219
820,Gabriello,Oby,gobymr@fda.gov,Male,18.9.23.186
821,Lucita,Connop,lconnopms@dailymotion.com,Female,124.253.5.243
822,Anett,Whilde,awhildemt@blinklist.com,Female,124.74.57.177
823,Kalina,Jime,kjimemu@netscape.com,Female,54.225.111.127
824,Felice,Bullan,fbullanmv@nymag.com,Male,89.27.236.150
825,Chan,Gaw,cgawmw@sbwire.com,Male,101.255.61.193
826,Mabelle,Meller,mmellermx@google.cn,Female,69.181.203.232
827,Vita,Peele,vpeelemy@walmart.com,Female,116.159.231.44
828,Grantley,Zelake,gzelakemz@comsenz.com,Male,5.177.65.243
829,Gerik,Currall,gcurralln0@dropbox.com,Male,41.119.225.226
830,Chiquia,Ciubutaro,cciubutaron1@sfgate.com,Female,224.157.102.76
831,Jilly,Sine,jsinen2@soundcloud.com,Female,0.177.33.239
832,Anatollo,Kleinplac,akleinplacn3@stanford.edu,Male,82.250.215.244
833,Codie,Mitchelson,cmitchelsonn4@virginia.edu,Male,57.17.239.219
834,Olia,Ucceli,ouccelin5@liveinternet.ru,Female,249.243.175.229
835,Jakie,Rubberts,jrubbertsn6@theglobeandmail.com,Male,49.96.6.25
836,Barthel,Andreas,bandreasn7@harvard.edu,Male,94.165.150.124
837,Dorolisa,McGeever,dmcgeevern8@bbb.org,Female,210.190.194.107
838,Nyssa,Quarless,nquarlessn9@upenn.edu,Female,208.106.209.27
839,Carrol,Wooffinden,cwooffindenna@paypal.com,Male,241.22.101.173
840,Cornelle,Studdard,cstuddardnb@wsj.com,Female,163.170.153.75
841,Zarla,Lithgow,zlithgownc@themeforest.net,Female,105.250.165.11
842,Chrissy,Blabie,cblabiend@walmart.com,Male,56.95.112.145
843,Reinaldos,Kinnie,rkinniene@wikia.com,Male,24.5.221.9
844,Luis,Fodden,lfoddennf@parallels.com,Male,91.143.54.106
845,Ranna,Kernock,rkernockng@state.tx.us,Female,177.61.109.215
846,Caldwell,Ben-Aharon,cbenaharonnh@reverbnation.com,Male,17.200.250.141
847,Dolf,Flewitt,dflewittni@woothemes.com,Male,34.6.58.204
848,Lissi,Brickner,lbricknernj@livejournal.com,Female,139.118.53.226
849,Rena,Cardenoso,rcardenosonk@de.vu,Female,98.52.193.134
850,Molli,Etheredge,metheredgenl@prweb.com,Female,100.251.182.116
851,Lucho,McUre,lmcurenm@bizjournals.com,Male,2.28.196.46
852,Lynelle,McCaskill,lmccaskillnn@tumblr.com,Female,126.66.56.238
853,Barde,Hanhardt,bhanhardtno@studiopress.com,Male,22.36.242.40
854,Elyssa,Burchall,eburchallnp@nbcnews.com,Female,35.1.132.9
855,Philippe,Balshen,pbalshennq@ovh.net,Female,13.203.163.233
856,Kort,Smythin,ksmythinnr@pbs.org,Male,73.64.84.152
857,Homerus,Phippin,hphippinns@theglobeandmail.com,Male,84.209.2.180
858,Carena,Ivanyushin,civanyushinnt@un.org,Female,176.20.207.251
859,Corliss,Jorissen,cjorissennu@cloudflare.com,Female,244.192.183.245
860,Alexia,Jakoubek,ajakoubeknv@pen.io,Female,92.241.43.40
861,Tiphani,Danielsohn,tdanielsohnnw@cnn.com,Female,247.196.255.4
862,Trish,Kilcullen,tkilcullennx@oracle.com,Female,71.251.214.209
863,Kylynn,Sumner,ksumnerny@github.io,Female,222.66.226.31
864,Gerry,Dummigan,gdummigannz@pcworld.com,Female,43.12.38.203
865,Bryce,Crolla,bcrollao0@amazon.de,Male,72.214.38.233
866,Eula,Lethlay,elethlayo1@wikia.com,Female,193.18.174.187
867,Rolph,Vergo,rvergoo2@abc.net.au,Male,117.253.24.231
868,Arlie,Semon,asemono3@goo.gl,Female,125.101.110.199
869,Gustavo,Stonall,gstonallo4@addtoany.com,Male,37.98.17.240
870,Mead,Hollyer,mhollyero5@baidu.com,Female,205.152.158.146
871,Rudolfo,Bineham,rbinehamo6@vistaprint.com,Male,147.57.71.170
872,Peterus,O'Sherin,posherino7@cocolog-nifty.com,Male,80.48.19.48
873,Randal,Capey,rcapeyo8@fotki.com,Male,162.233.178.37
874,Marita,Radmore,mradmoreo9@phpbb.com,Female,184.124.139.17
875,Diannne,Crotch,dcrotchoa@timesonline.co.uk,Female,39.73.61.195
876,Josefa,McGuiney,jmcguineyob@twitter.com,Female,79.194.222.180
877,Ingelbert,Ismead,iismeadoc@google.ru,Male,84.108.243.212
878,Rance,Pycock,rpycockod@google.co.uk,Male,244.85.103.14
879,Elmore,Celes,ecelesoe@ning.com,Male,167.2.83.204
880,Conroy,Sextie,csextieof@blog.com,Male,11.246.225.179
881,Sioux,Nordass,snordassog@house.gov,Female,48.239.225.24
882,Eula,Oldknow,eoldknowoh@barnesandnoble.com,Female,121.128.80.101
883,Mill,Jest,mjestoi@microsoft.com,Male,90.68.129.2
884,Emmey,Estcot,eestcotoj@arstechnica.com,Female,6.89.29.27
885,Tim,Grinston,tgrinstonok@feedburner.com,Male,76.4.191.108
886,Addie,Ardley,aardleyol@guardian.co.uk,Female,41.10.131.93
887,Em,Boom,eboomom@europa.eu,Female,74.144.115.239
888,Baudoin,Bellany,bbellanyon@omniture.com,Male,201.123.72.106
889,Normie,Plowright,nplowrightoo@harvard.edu,Male,65.141.190.50
890,Gannie,Stimpson,gstimpsonop@adobe.com,Male,191.57.14.101
891,Gabriellia,Seville,gsevilleoq@google.co.uk,Female,112.5.58.235
892,Ema,Bertolin,ebertolinor@diigo.com,Female,97.128.37.30
893,Nickolaus,Notton,nnottonos@marketwatch.com,Male,94.220.138.186
894,Celisse,Everiss,ceverissot@accuweather.com,Female,81.156.61.167
895,Alley,Pierucci,apierucciou@github.io,Male,203.146.113.16
896,Corly,Devanny,cdevannyov@prweb.com,Female,62.73.104.132
897,Truda,Fearon,tfearonow@ted.com,Female,240.70.12.245
898,Kimbell,Wilprecht,kwilprechtox@eepurl.com,Male,45.222.99.139
899,Nikolai,Jencken,njenckenoy@cloudflare.com,Male,207.225.5.44
900,Grier,Melloi,gmelloioz@usgs.gov,Female,253.137.244.95
901,Garrik,Yitzhok,gyitzhokp0@sogou.com,Male,157.73.241.147
902,Radcliffe,Yeabsley,ryeabsleyp1@cbslocal.com,Male,60.245.75.93
903,Orlando,Lindback,olindbackp2@slate.com,Male,59.132.228.202
904,Aguistin,Cyphus,acyphusp3@upenn.edu,Male,243.4.20.225
905,Leia,Orwin,lorwinp4@ifeng.com,Female,148.251.215.60
906,Zebulen,Ridulfo,zridulfop5@mac.com,Male,247.40.143.211
907,Jeromy,Prewer,jprewerp6@walmart.com,Male,41.76.55.1
908,Lucila,Rosenbarg,lrosenbargp7@technorati.com,Female,247.233.21.10
909,Prudence,De Vries,pdevriesp8@opensource.org,Female,177.140.243.33
910,Bradney,McGarrie,bmcgarriep9@seesaa.net,Male,145.244.140.77
911,Otis,Cherry,ocherrypa@goodreads.com,Male,70.111.180.41
912,Emilee,Leveridge,eleveridgepb@who.int,Female,169.68.102.8
913,Dewey,Agiolfinger,dagiolfingerpc@netlog.com,Male,230.71.250.251
914,Nevins,Burhouse,nburhousepd@economist.com,Male,55.205.219.191
915,Britta,Grumley,bgrumleype@ft.com,Female,91.132.114.241
916,Rayna,Hensmans,rhensmanspf@amazon.com,Female,254.104.126.254
917,Shawna,Megson,smegsonpg@marriott.com,Female,20.12.175.36
918,Hiram,Hainning,hhainningph@merriam-webster.com,Male,58.183.169.205
919,Niki,Faussett,nfaussettpi@buzzfeed.com,Male,6.111.110.81
920,Blisse,Lovelock,blovelockpj@blogspot.com,Female,91.208.163.196
921,Elyssa,Putten,eputtenpk@biglobe.ne.jp,Female,95.250.89.194
922,Buiron,McRobb,bmcrobbpl@blogtalkradio.com,Male,234.139.15.145
923,Ade,Minchell,aminchellpm@sbwire.com,Male,158.47.178.70
924,Harley,Benazet,hbenazetpn@list-manage.com,Female,107.209.85.51
925,Joelynn,Ivens,jivenspo@sciencedaily.com,Female,200.41.114.213
926,Thorn,Ranby,tranbypp@odnoklassniki.ru,Male,156.251.169.74
927,Felisha,Clint,fclintpq@sourceforge.net,Female,251.76.168.65
928,Valdemar,Petrakov,vpetrakovpr@soundcloud.com,Male,12.212.145.232
929,Catrina,Barchrameev,cbarchrameevps@epa.gov,Female,188.156.41.222
930,Emelyne,Pregel,epregelpt@cbc.ca,Female,107.179.111.27
931,Correy,Glazier,cglazierpu@cdbaby.com,Male,200.189.158.0
932,Lorettalorna,Stitcher,lstitcherpv@feedburner.com,Female,216.152.55.57
933,Corabel,Combe,ccombepw@whitehouse.gov,Female,74.87.39.68
934,Carly,Wallbrook,cwallbrookpx@fema.gov,Male,15.49.33.59
935,Skelly,Hurn,shurnpy@bing.com,Male,17.121.235.33
936,Ibrahim,Dongall,idongallpz@amazonaws.com,Male,165.203.55.4
937,Lilia,Luther,llutherq0@issuu.com,Female,144.179.137.20
938,Freda,Matteoli,fmatteoliq1@elpais.com,Female,5.219.238.242
939,Jenda,Ivakhin,jivakhinq2@rakuten.co.jp,Female,59.103.112.74
940,Domenico,Hopfer,dhopferq3@over-blog.com,Male,111.115.251.63
941,Jordon,Janczak,jjanczakq4@chron.com,Male,214.124.189.133
942,Hermon,Lawrenson,hlawrensonq5@redcross.org,Male,26.249.224.223
943,Wilma,Room,wroomq6@github.io,Female,211.202.196.106
944,Happy,Pirolini,hpiroliniq7@latimes.com,Female,181.73.0.97
945,Yehudit,Bartalini,ybartaliniq8@wikia.com,Male,105.113.1.252
946,Glyn,Lorentz,glorentzq9@jigsy.com,Female,88.215.235.80
947,Waldemar,Burrass,wburrassqa@latimes.com,Male,165.202.31.208
948,Pascal,Pipworth,ppipworthqb@ezinearticles.com,Male,235.77.31.5
949,Kally,Durrell,kdurrellqc@npr.org,Female,207.197.108.195
950,Nevins,Loy,nloyqd@businesswire.com,Male,97.74.64.20
951,Tomkin,Hoodlass,thoodlassqe@friendfeed.com,Male,101.204.153.119
952,Dedra,Kinny,dkinnyqf@pagesperso-orange.fr,Female,206.20.144.188
953,Mel,Laingmaid,mlaingmaidqg@zimbio.com,Male,192.199.68.83
954,Benton,Gossage,bgossageqh@baidu.com,Male,246.137.231.241
955,Clem,Blasl,cblaslqi@unc.edu,Male,121.250.231.143
956,Timi,Treker,ttrekerqj@cyberchimps.com,Female,154.115.101.119
957,Yorke,Cahey,ycaheyqk@who.int,Male,101.155.70.31
958,Lindy,Frew,lfrewql@boston.com,Female,196.183.154.65
959,Valry,Sember,vsemberqm@acquirethisname.com,Female,118.147.28.247
960,Erwin,Stainburn,estainburnqn@yale.edu,Male,63.223.250.147
961,Cloe,Crolly,ccrollyqo@theglobeandmail.com,Female,120.162.165.137
962,Elihu,Fronzek,efronzekqp@google.cn,Male,125.98.18.165
963,Hube,Ions,hionsqq@nba.com,Male,26.96.222.49
964,Norrie,Kinnie,nkinnieqr@salon.com,Male,23.10.175.187
965,Wainwright,Fearne,wfearneqs@ning.com,Male,209.149.161.18
966,Reggis,Turbill,rturbillqt@washingtonpost.com,Male,240.222.144.100
967,Thomas,Sunnucks,tsunnucksqu@who.int,Male,28.30.13.205
968,Dallas,Baress,dbaressqv@yahoo.com,Male,255.206.30.214
969,Joline,Burwin,jburwinqw@moonfruit.com,Female,8.170.144.201
970,Jewell,Kenworthy,jkenworthyqx@amazon.de,Female,55.225.40.106
971,Reid,Simonetto,rsimonettoqy@typepad.com,Male,222.132.188.233
972,Amalee,Breckwell,abreckwellqz@a8.net,Female,81.220.245.39
973,Chandal,Eilers,ceilersr0@canalblog.com,Female,77.129.246.97
974,Burnaby,Scoffham,bscoffhamr1@hao123.com,Male,17.121.63.176
975,Pierson,Dumberell,pdumberellr2@google.com,Male,31.151.84.202
976,Joelle,Isakov,jisakovr3@netscape.com,Female,88.12.76.45
977,Matthias,Orry,morryr4@163.com,Male,199.12.3.8
978,Dena,Hourihan,dhourihanr5@wikipedia.org,Female,65.243.233.73
979,Ricoriki,Meiklejohn,rmeiklejohnr6@1und1.de,Male,96.2.157.156
980,Ivonne,Spall,ispallr7@chron.com,Female,246.3.114.189
981,Tisha,Bill,tbillr8@ftc.gov,Female,184.132.112.240
982,Brennan,Dulwich,bdulwichr9@hexun.com,Male,180.167.68.80
983,Baird,Murfill,bmurfillra@nasa.gov,Male,140.53.47.44
984,Addy,Talbot,atalbotrb@ed.gov,Male,151.246.173.58
985,Kaspar,Torricina,ktorricinarc@uol.com.br,Male,55.58.13.168
986,Mayor,Clixby,mclixbyrd@goodreads.com,Male,246.12.197.122
987,Kirk,Sulland,ksullandre@icio.us,Male,141.132.141.79
988,Don,Tapner,dtapnerrf@cbsnews.com,Male,53.117.108.55
989,Stefania,Klos,sklosrg@lycos.com,Female,214.235.156.126
990,Xerxes,Seagrove,xseagroverh@yellowpages.com,Male,153.96.243.96
991,Merry,Wandrich,mwandrichri@engadget.com,Female,12.234.83.137
992,Bengt,Dripps,bdrippsrj@ftc.gov,Male,101.102.122.244
993,Nicolas,Fozard,nfozardrk@yelp.com,Male,41.206.100.38
994,Leela,Grinsted,lgrinstedrl@netvibes.com,Female,18.253.162.163
995,Jorrie,Lambrick,jlambrickrm@aboutads.info,Female,9.77.100.83
996,Levon,Berkeley,lberkeleyrn@is.gd,Male,195.142.119.180
997,Enid,Tranfield,etranfieldro@cafepress.com,Female,74.53.189.173
998,Moishe,Gregon,mgregonrp@foxnews.com,Male,188.11.129.98
999,Davide,Parish,dparishrq@blogger.com,Male,147.58.250.140
1000,Gray,Jeannel,gjeannelrr@smugmug.com,Male,144.205.185.193
